{
  "products": [
    { "_id": "0.21956631578181662", "qty": 1 },
    { "_id": "0.3997069451637896", "qty": 1 }
  ],
  "totalPrice": 25,
  "_id": 0.05122037848186367
}
